Filter by Job Roles,id
1,32
1,8
1,14
1,50
1,23
2,33
2,9
2,51
2,12
2,42
3,7
3,49
3,12
3,42
3,36
4,37
4,16
4,19
4,7
4,40
5,7
5,10
5,31
5,18
5,16
6,37
6,7
6,16
6,19
6,25
7,8
7,50
7,32
7,14
7,41
8,9
8,33
8,51
8,42
8,15
9,21
9,31
9,7
9,51
9,18
10,37
10,19
10,16
10,7
10,31
11,7
11,40
11,18
11,21
11,31
12,37
12,16
12,19
12,7
12,52
13,14
13,8
13,32
13,50
13,23
14,9
14,42
14,42
14,48
14,51
15,40
15,7
15,18
15,51
15,48
16,37
16,16
16,19
16,25
16,7
17,48
17,40
17,7
17,42
17,18
18,37
18,52
18,7
18,16
18,25
19,7
19,15
19,42
19,54
19,51
20,7
20,52
20,40
20,13
20,1
21,37
21,16
21,7
21,25
21,31
